{"playerID":0,"tileID":"01","tilePosition":{"x":1.600000023841858,"y":0.0,"z":4.800000190734863}}
