{"playerID":0,"tileID":"10","tilePosition":{"x":4.800000190734863,"y":0.0,"z":1.600000023841858}}
{"playerID":1,"tileID":"23","tilePosition":{"x":8.0,"y":0.0,"z":11.199999809265137}}
{"playerID":0,"tileID":"12","tilePosition":{"x":4.800000190734863,"y":0.0,"z":8.0}}
{"playerID":1,"tileID":"21","tilePosition":{"x":8.0,"y":0.0,"z":4.800000190734863}}
{"playerID":0,"tileID":"01","tilePosition":{"x":1.600000023841858,"y":0.0,"z":4.800000190734863}}
{"playerID":1,"tileID":"22","tilePosition":{"x":8.0,"y":0.0,"z":8.0}}
{"playerID":0,"tileID":"32","tilePosition":{"x":11.199999809265137,"y":0.0,"z":8.0}}
{"playerID":1,"tileID":"13","tilePosition":{"x":4.800000190734863,"y":0.0,"z":11.199999809265137}}
{"playerID":0,"tileID":"11","tilePosition":{"x":4.800000190734863,"y":0.0,"z":4.800000190734863}}
{"playerID":1,"tileID":"20","tilePosition":{"x":8.0,"y":0.0,"z":1.600000023841858}}
