{"playerID":0,"tileID":"10","tilePosition":{"x":4.800000190734863,"y":0.0,"z":1.600000023841858}}
