{"playerID":0,"tileID":"12","tilePosition":{"x":4.800000190734863,"y":0.0,"z":8.0}}
{"playerID":1,"tileID":"10","tilePosition":{"x":4.800000190734863,"y":0.0,"z":1.600000023841858}}
{"playerID":0,"tileID":"21","tilePosition":{"x":8.0,"y":0.0,"z":4.800000190734863}}
{"playerID":1,"tileID":"22","tilePosition":{"x":8.0,"y":0.0,"z":8.0}}
